{
  "page-data": [
    {
      "id": 0,
      "x": 127.51666259765625,
      "y": 46.51666259765625,
      "text": "binder 2 page 1 ",
      "width": 300,
      "height": 200
    }
  ]
}