{
  "page-data": [
    {
      "id": 2,
      "x": 249.51666259765625,
      "y": 69.51666259765625,
      "text": "Binder 1 page 1 ",
      "width": 236.9666748046875,
      "height": 152
    },
    {
      "id": 4,
      "x": 609.5166625976562,
      "y": 184.51666259765625,
      "text": " ",
      "width": 300,
      "height": 200
    },
    {
      "id": 5,
      "x": 453.51666259765625,
      "y": 367.51666259765625,
      "text": " ",
      "width": 300,
      "height": 200
    },
    {
      "id": 7,
      "x": 223.51666259765625,
      "y": 367.51666259765625,
      "text": " ",
      "width": 300,
      "height": 200
    }
  ]
}