{
  "page-data": [
    {
      "id": 0,
      "x": 120.51666259765625,
      "y": 109.51666259765625,
      "text": "binder 1 page 2\n ",
      "width": 300,
      "height": 200
    },
    {
      "id": 2,
      "x": 405.51666259765625,
      "y": 81.51666259765625,
      "text": " ",
      "width": 300,
      "height": 200
    }
  ]
}